size,loss,val_loss,acc,val_acc
128,1.038072943687439,1.0384602546691895,0.4833333492279053,0.4833333492279053
224,0.6295129656791687,0.35121479630470276,0.7500000596046448,0.8000000715255737