size,loss,val_loss,acc,val_acc
64,0.24969908595085144,1.0677752494812012,0.8666667342185974,0.4833333492279053
128,0.5562500953674316,1.0416115522384644,0.8000000715255737,0.4833333492279053
224,0.4537789225578308,3.422856330871582,0.8333333730697632,0.4833333492279053