learningrate,loss,val_loss,acc,val_acc
01,0.9322466254234314,1.3391132354736328,0.5357142686843872,0.4198473393917084
001,0.8221492767333984,1.0678037405014038,0.6109022498130798,0.4122137427330017
0001,0.4902632236480713,1.0887374877929688,0.8120300769805908,0.37404578924179077
00001,0.5391921997070312,1.066963791847229,0.7631579041481018,0.37404578924179077